{"cameraMode":{"drawMode":0,"name":"Shaded","section":"Shading Mode"},"sceneLighting":true,"audioPlay":false,"sceneViewState":{"m_AlwaysRefresh":false,"showFog":true,"showSkybox":true,"showFlares":true,"showImageEffects":true,"showParticleSystems":true,"showVisualEffectGraphs":true,"m_FxEnabled":true},"in2DMode":false,"pivot":{"x":-9.168582916259766,"y":1.221651554107666,"z":-0.030283033847808839},"rotation":{"x":0.4540194571018219,"y":-0.27705779671669009,"z":0.15096156299114228,"w":0.8332580924034119},"size":10.247997283935547,"orthographic":false}