{"cameraMode":{"drawMode":0,"name":"Shaded","section":"Shading Mode"},"sceneLighting":false,"audioPlay":false,"sceneViewState":{"m_AlwaysRefresh":false,"showFog":true,"showSkybox":false,"showFlares":true,"showImageEffects":true,"showParticleSystems":true,"showVisualEffectGraphs":true,"m_FxEnabled":true},"in2DMode":false,"pivot":{"x":3.359999895095825,"y":2.929999828338623,"z":-3.5699996948242189},"rotation":{"x":0.12549956142902375,"y":-0.08620408177375794,"z":0.010950718075037003,"w":0.9883008003234863},"size":4.6054158210754398,"orthographic":false}